ROI,x,y,z,hemisphere,lobe
1,-18.23,19.01,-21.05,L,Prefrontal
2,-5.73,18.01,-21.51,L,Prefrontal
3,-7.82,39.82,-21.44,L,Prefrontal
4,-6.76,48.16,-5.73,L,Prefrontal
5,-18.23,56.99,-14.28,L,Prefrontal
6,-5.81,48.04,11.79,L,Prefrontal
7,-11.72,65.14,4.18,L,Prefrontal
8,-29.28,54.22,2.5,L,Prefrontal
9,-42.74,47.29,-6.89,L,Prefrontal
10,-28.9,50.13,21.66,L,Prefrontal
11,-10.03,55.63,30.35,L,Prefrontal
12,-27.39,34.15,36.31,L,Prefrontal
13,-46.1,28.2,26.77,L,Prefrontal
14,-11.11,34.28,51.54,L,Prefrontal
15,-39.36,17.15,46.74,L,Prefrontal
16,-4.84,17.76,46.21,L,Prefrontal
17,-46.17,28.27,-7.22,L,Prefrontal
18,-28.4,35.97,-15.69,L,Prefrontal
19,-32.07,20.38,-16.0,L,Prefrontal
20,-43.08,41.93,11.01,L,Prefrontal
21,-32.47,22.17,5.88,L,Prefrontal
22,-53.02,18.47,10.64,L,Prefrontal
23,-46.21,7.92,28.52,L,Motor
24,-41.59,-14.79,44.73,L,Motor
25,-58.06,-5.59,27.2,L,Motor
26,-16.2,-19.03,69.48,L,Motor
27,-6.41,-4.4,47.58,L,Motor
28,-9.04,0.46,66.51,L,Motor
29,-56.92,-3.5,6.75,L,Motor
30,-23.21,10.67,53.52,L,Motor
31,-45.89,-0.51,49.24,L,Motor
32,-27.45,-8.97,55.91,L,Motor
33,-35.76,-23.22,65.62,L,Motor
34,-39.02,1.72,9.6,L,Motor
35,-38.74,8.05,-4.72,L,Motor
36,-37.7,-12.89,-1.42,L,Motor
37,-50.64,-23.81,41.36,L,Motor
38,-23.65,-31.61,63.36,L,Motor
39,-41.25,-15.5,14.44,L,Insula
40,-7.26,-33.92,67.36,L,Insula
41,-25.38,-54.66,64.11,L,Insula
42,-9.23,-70.98,31.96,L,Insula
43,-28.34,-62.47,40.43,L,Insula
44,-9.64,-66.09,55.29,L,Parietal
45,-35.84,-39.3,47.48,L,Parietal
46,-42.3,-31.28,15.88,L,Parietal
47,-59.36,-25.98,21.99,L,Parietal
48,-42.08,-65.57,41.67,L,Parietal
49,-51.32,-56.27,20.49,L,Parietal
50,-53.42,-43.52,38.81,L,Parietal
51,-37.83,6.06,-37.72,L,Parietal
52,-34.72,18.69,-32.33,L,Parietal
53,-49.52,11.07,-30.45,L,Parietal
54,-49.85,6.4,-15.1,L,Parietal
55,-22.85,9.05,-38.68,L,Parietal
56,-57.61,-6.43,-22.61,L,Parietal
57,-58.94,-29.97,3.52,L,Parietal
58,-57.84,-47.54,5.27,L,Parietal
59,-59.89,-27.46,-18.13,L,Parietal
60,-49.34,-4.69,-37.47,L,Parietal
61,-37.82,-13.1,-29.22,L,Parietal
62,-51.84,-18.24,-28.81,L,Parietal
63,-56.94,-14.55,-6.83,L,Temporal
64,-26.65,-42.8,-16.04,L,Temporal
65,-60.38,-49.96,-14.1,L,Temporal
66,-42.52,-52.23,-17.38,L,Temporal
67,-46.61,-39.93,-24.21,L,Temporal
68,-29.87,-5.83,-40.93,L,Temporal
69,-41.26,-75.45,22.72,L,Temporal
70,-31.69,-87.07,12.52,L,Temporal
71,-17.02,-50.85,0.7,L,Temporal
72,-43.15,-70.4,-13.9,L,Temporal
73,-25.91,-63.22,-12.24,L,Temporal
74,-16.53,-84.95,33.1,L,Temporal
75,-48.18,-67.21,1.0,L,Temporal
76,-35.97,-84.07,-3.95,L,Temporal
77,-8.88,-70.61,-1.75,L,Temporal
78,-10.61,-98.15,7.68,L,Temporal
79,-14.58,-83.96,-12.99,L,Temporal
80,-22.18,-96.74,-10.03,L,Temporal
81,-5.73,-81.33,12.16,L,Temporal
82,-22.08,-66.7,7.45,L,Temporal
83,-23.65,-41.29,19.86,L,Occipital
84,-7.54,-22.31,46.19,L,Occipital
85,-5.79,34.17,26.29,L,Occipital
86,-3.43,-4.93,32.64,L,Occipital
87,-4.98,13.27,28.6,L,Occipital
88,-8.46,-58.91,17.62,L,Occipital
89,-4.94,-36.08,32.03,L,Occipital
90,-7.31,-18.32,29.97,L,Occipital
91,-6.45,-54.26,37.4,L,Occipital
92,-8.73,-42.78,50.25,L,Occipital
93,-7.46,-42.13,13.4,L,Occipital
94,-26.71,2.3,-18.58,L,Occipital
95,-21.52,-36.99,5.77,L,Occipital
96,-32.13,-40.14,-3.96,L,Occipital
97,-22.78,-12.65,-17.31,L,Occipital
98,-35.66,-24.82,-14.96,L,Occipital
99,-20.73,-30.76,-11.18,L,Occipital
100,-30.56,-23.92,-26.69,L,Occipital
101,-21.52,-4.1,-29.34,L,Limbic
102,-6.28,-66.27,-37.7,L,Limbic
103,-8.56,-50.71,-39.5,L,Limbic
104,-36.95,-52.91,-31.22,L,Limbic
105,-8.65,-55.19,-52.12,L,Limbic
106,-21.26,-70.03,-48.98,L,Limbic
107,-39.91,-74.52,-29.01,L,Limbic
108,-30.28,-80.13,-40.43,L,Limbic
109,-19.39,-46.45,-53.21,L,Limbic
110,-6.24,-50.14,-11.19,L,Limbic
111,-27.79,-35.97,-30.81,L,Subcortical
112,-42.69,-63.75,-46.33,L,Subcortical
113,-10.27,-81.7,-32.28,L,Subcortical
114,-7.77,-68.46,-19.86,L,Subcortical
115,-34.74,-50.33,-54.07,L,Subcortical
116,-22.84,-58.08,-48.76,L,Subcortical
117,-10.14,-37.64,-25.03,L,Subcortical
118,-46.45,-46.84,-42.94,L,Subcortical
119,-26.42,-69.58,-30.63,L,Subcortical
120,-21.36,-53.44,-23.63,L,Subcortical
121,-6.45,-54.69,-26.18,L,Subcortical
122,-24.26,-37.75,-44.24,L,Cerebellum
123,-10.7,23.62,9.65,L,Cerebellum
124,-12.36,11.55,8.48,L,Cerebellum
125,-10.39,10.87,-8.07,L,Cerebellum
126,-14.5,-3.56,20.94,L,Cerebellum
127,-24.77,5.54,-0.07,L,Cerebellum
128,-9.5,-25.46,-1.4,L,Cerebellum
129,-4.68,-10.24,5.88,L,Cerebellum
130,-11.41,-25.56,14.88,L,Cerebellum
131,-4.82,-21.51,-15.89,L,Cerebellum
132,-4.23,-37.9,-53.27,L,Cerebellum
133,-6.94,-33.13,-39.35,L,Cerebellum
134,-5.7,-18.97,-36.82,L,Cerebellum
135,14.08,56.69,-16.68,R,Prefrontal
136,9.58,17.58,-19.53,R,Prefrontal
137,5.27,35.03,-17.53,R,Prefrontal
138,15.65,34.19,-22.54,R,Prefrontal
139,8.29,46.06,-1.69,R,Prefrontal
140,14.58,64.75,3.68,R,Prefrontal
141,30.43,54.78,-3.32,R,Prefrontal
142,44.47,46.1,-4.92,R,Prefrontal
143,28.81,51.14,18.75,R,Prefrontal
144,8.52,53.28,23.89,R,Prefrontal
145,37.63,35.44,31.1,R,Prefrontal
146,14.58,36.74,49.11,R,Prefrontal
147,24.03,30.71,36.4,R,Prefrontal
148,40.59,14.59,48.28,R,Prefrontal
149,6.81,21.45,31.41,R,Prefrontal
150,53.6,24.85,0.89,R,Prefrontal
151,33.42,37.28,-16.39,R,Prefrontal
152,26.56,19.55,-21.32,R,Prefrontal
153,48.17,35.81,15.18,R,Prefrontal
154,37.05,20.8,6.0,R,Prefrontal
155,55.34,9.6,22.03,R,Prefrontal
156,39.93,17.65,29.11,R,Prefrontal
157,57.76,-8.17,27.18,R,Motor
158,6.15,-22.18,65.57,R,Motor
159,7.0,-8.03,53.02,R,Motor
160,26.36,-12.97,66.17,R,Motor
161,49.22,-4.46,47.96,R,Motor
162,6.26,14.01,48.64,R,Motor
163,13.78,6.36,65.39,R,Motor
164,25.24,12.38,49.44,R,Motor
165,39.82,3.48,34.07,R,Motor
166,32.17,-5.32,51.84,R,Motor
167,41.99,-23.26,53.38,R,Motor
168,41.81,4.86,-7.54,R,Motor
169,41.32,3.52,7.26,R,Motor
170,37.65,21.22,-10.09,R,Motor
171,38.26,-12.4,-1.15,R,Motor
172,32.55,-39.11,49.53,R,Motor
173,20.05,-33.28,69.69,R,Insula
174,43.31,-10.87,13.83,R,Insula
175,25.3,-52.37,67.98,R,Insula
176,14.65,-68.43,35.0,R,Insula
177,31.58,-60.74,49.28,R,Insula
178,7.56,-57.28,61.78,R,Parietal
179,52.95,-27.27,40.81,R,Parietal
180,57.97,-29.27,19.6,R,Parietal
181,54.18,-45.25,37.04,R,Parietal
182,47.79,-61.56,34.71,R,Parietal
183,41.39,-75.34,27.92,R,Parietal
184,48.87,-58.01,14.3,R,Parietal
185,27.18,11.62,-39.15,R,Parietal
186,40.02,19.0,-34.24,R,Parietal
187,52.88,10.85,-21.83,R,Parietal
188,50.02,-33.92,-0.67,R,Parietal
189,61.29,-22.84,-22.51,R,Parietal
190,54.53,-7.74,-31.51,R,Parietal
191,46.89,3.94,-39.88,R,Parietal
192,40.27,-11.11,-35.81,R,Parietal
193,43.49,-26.28,-24.72,R,Parietal
194,31.51,0.65,-44.42,R,Parietal
195,59.16,-3.32,2.67,R,Parietal
196,39.79,-25.64,14.45,R,Parietal
197,61.87,-23.61,-2.74,R,Temporal
198,56.46,-8.56,-14.3,R,Temporal
199,59.24,-43.73,8.62,R,Temporal
200,46.51,-59.8,-14.72,R,Temporal
201,36.57,-69.28,-17.44,R,Temporal
202,25.13,-44.53,-12.2,R,Temporal
203,55.26,-56.28,-4.8,R,Temporal
204,60.8,-43.38,-17.65,R,Temporal
205,41.68,-45.65,-22.58,R,Temporal
206,20.96,-63.6,-9.01,R,Temporal
207,30.11,-83.01,20.47,R,Temporal
208,45.12,-74.23,2.6,R,Temporal
209,18.95,-81.84,41.54,R,Temporal
210,18.04,-83.39,-11.25,R,Temporal
211,8.02,-74.84,24.79,R,Temporal
212,23.66,-95.88,6.63,R,Temporal
213,7.18,-75.58,-2.84,R,Temporal
214,8.34,-88.45,12.17,R,Temporal
215,31.0,-91.9,-10.8,R,Temporal
216,14.87,-68.42,8.28,R,Temporal
217,8.04,34.71,17.2,R,Occipital
218,5.54,-0.89,35.52,R,Occipital
219,5.36,-39.11,26.89,R,Occipital
220,12.37,-57.19,18.02,R,Occipital
221,28.38,-53.86,7.0,R,Occipital
222,7.31,-18.89,30.01,R,Occipital
223,8.05,-22.92,44.99,R,Occipital
224,6.33,-57.19,38.09,R,Occipital
225,8.38,-39.78,48.1,R,Occipital
226,31.23,3.68,-21.72,R,Occipital
227,28.75,-36.86,-0.1,R,Occipital
228,35.63,-14.69,-18.43,R,Occipital
229,28.02,-28.48,-13.67,R,Occipital
230,29.34,-19.65,-26.37,R,Occipital
231,24.57,-2.63,-30.74,R,Occipital
232,14.6,-46.15,2.8,R,Occipital
233,19.22,-7.66,-14.84,R,Occipital
234,32.23,-78.47,-40.41,R,Occipital
235,6.49,-50.61,-12.18,R,Limbic
236,38.87,-74.91,-29.59,R,Limbic
237,13.61,-40.11,-25.34,R,Limbic
238,23.47,-35.96,-42.92,R,Limbic
239,7.17,-68.14,-37.65,R,Limbic
240,7.48,-68.81,-20.83,R,Limbic
241,45.84,-46.37,-42.53,R,Limbic
242,16.19,-47.28,-52.56,R,Limbic
243,23.49,-59.18,-52.2,R,Limbic
244,21.05,-54.86,-23.74,R,Limbic
245,11.77,-84.16,-34.71,R,Subcortical
246,19.76,-73.49,-50.13,R,Subcortical
247,36.79,-57.13,-32.79,R,Subcortical
248,22.98,-71.93,-29.12,R,Subcortical
249,7.74,-56.63,-50.81,R,Subcortical
250,42.06,-64.01,-49.18,R,Subcortical
251,7.24,-53.7,-34.33,R,Subcortical
252,33.81,-47.33,-54.06,R,Subcortical
253,30.33,-36.39,-31.09,R,Subcortical
254,21.29,-36.39,22.4,R,Subcortical
255,12.76,13.0,11.34,R,Subcortical
256,14.11,-4.32,20.87,R,Cerebellum
257,12.59,20.11,-0.81,R,Cerebellum
258,26.66,6.38,0.03,R,Cerebellum
259,14.27,8.51,-9.56,R,Cerebellum
260,10.66,-26.85,-1.99,R,Cerebellum
261,12.38,-27.81,13.42,R,Cerebellum
262,5.69,-9.83,4.9,R,Cerebellum
263,4.97,-37.24,-53.04,R,Cerebellum
264,9.87,-18.8,-30.67,R,Cerebellum
265,6.25,-22.2,-42.24,R,Cerebellum
266,6.51,-24.76,-17.48,R,Cerebellum
267,7.68,-34.18,-37.23,R,Cerebellum
268,-5.23,29.2,-9.92,R,Cerebellum
