ROI,x,y,z
1,14.08,56.69,-16.68
2,9.58,17.58,-19.53
3,5.27,35.03,-17.53
4,15.65,34.19,-22.54
5,8.29,46.06,-1.69
6,14.58,64.75,3.68
7,30.43,54.78,-3.32
8,44.47,46.1,-4.92
9,28.81,51.14,18.75
10,8.52,53.28,23.89
11,37.63,35.44,31.1
12,14.58,36.74,49.11
13,24.03,30.71,36.4
14,40.59,14.59,48.28
15,6.81,21.45,31.41
16,53.6,24.85,0.89
17,33.42,37.28,-16.39
18,26.56,19.55,-21.32
19,48.17,35.81,15.18
20,37.05,20.8,6.0
21,55.34,9.6,22.03
22,39.93,17.65,29.11
23,57.76,-8.17,27.18
24,6.15,-22.18,65.57
25,7.0,-8.03,53.02
26,26.36,-12.97,66.17
27,49.22,-4.46,47.96
28,6.26,14.01,48.64
29,13.78,6.36,65.39
30,25.24,12.38,49.44
31,39.82,3.48,34.07
32,32.17,-5.32,51.84
33,41.99,-23.26,53.38
34,41.81,4.86,-7.54
35,41.32,3.52,7.26
36,37.65,21.22,-10.09
37,38.26,-12.4,-1.15
38,32.55,-39.11,49.53
39,20.05,-33.28,69.69
40,43.31,-10.87,13.83
41,25.3,-52.37,67.98
42,14.65,-68.43,35.0
43,31.58,-60.74,49.28
44,7.56,-57.28,61.78
45,52.95,-27.27,40.81
46,57.97,-29.27,19.6
47,54.18,-45.25,37.04
48,47.79,-61.56,34.71
49,41.39,-75.34,27.92
50,48.87,-58.01,14.3
51,27.18,11.62,-39.15
52,40.02,19.0,-34.24
53,52.88,10.85,-21.83
54,50.02,-33.92,-0.67
55,61.29,-22.84,-22.51
56,54.53,-7.74,-31.51
57,46.89,3.94,-39.88
58,40.27,-11.11,-35.81
59,43.49,-26.28,-24.72
60,31.51,0.65,-44.42
61,59.16,-3.32,2.67
62,39.79,-25.64,14.45
63,61.87,-23.61,-2.74
64,56.46,-8.56,-14.3
65,59.24,-43.73,8.62
66,46.51,-59.8,-14.72
67,36.57,-69.28,-17.44
68,25.13,-44.53,-12.2
69,55.26,-56.28,-4.8
70,60.8,-43.38,-17.65
71,41.68,-45.65,-22.58
72,20.96,-63.6,-9.01
73,30.11,-83.01,20.47
74,45.12,-74.23,2.6
75,18.95,-81.84,41.54
76,18.04,-83.39,-11.25
77,8.02,-74.84,24.79
78,23.66,-95.88,6.63
79,7.18,-75.58,-2.84
80,8.34,-88.45,12.17
81,31.0,-91.9,-10.8
82,14.87,-68.42,8.28
83,8.04,34.71,17.2
84,5.54,-0.89,35.52
85,5.36,-39.11,26.89
86,12.37,-57.19,18.02
87,28.38,-53.86,7.0
88,7.31,-18.89,30.01
89,8.05,-22.92,44.99
90,6.33,-57.19,38.09
91,8.38,-39.78,48.1
92,31.23,3.68,-21.72
93,28.75,-36.86,-0.1
94,35.63,-14.69,-18.43
95,28.02,-28.48,-13.67
96,29.34,-19.65,-26.37
97,24.57,-2.63,-30.74
98,14.6,-46.15,2.8
99,19.22,-7.66,-14.84
100,32.23,-78.47,-40.41
101,6.49,-50.61,-12.18
102,38.87,-74.91,-29.59
103,13.61,-40.11,-25.34
104,23.47,-35.96,-42.92
105,7.17,-68.14,-37.65
106,7.48,-68.81,-20.83
107,45.84,-46.37,-42.53
108,16.19,-47.28,-52.56
109,23.49,-59.18,-52.2
110,21.05,-54.86,-23.74
111,11.77,-84.16,-34.71
112,19.76,-73.49,-50.13
113,36.79,-57.13,-32.79
114,22.98,-71.93,-29.12
115,7.74,-56.63,-50.81
116,42.06,-64.01,-49.18
117,7.24,-53.7,-34.33
118,33.81,-47.33,-54.06
119,30.33,-36.39,-31.09
120,21.29,-36.39,22.4
121,12.76,13.0,11.34
122,14.11,-4.32,20.87
123,12.59,20.11,-0.81
124,26.66,6.38,0.03
125,14.27,8.51,-9.56
126,10.66,-26.85,-1.99
127,12.38,-27.81,13.42
128,5.69,-9.83,4.9
129,4.97,-37.24,-53.04
130,9.87,-18.8,-30.67
131,6.25,-22.2,-42.24
132,6.51,-24.76,-17.48
133,7.68,-34.18,-37.23
134,-5.23,29.2,-9.92
135,-18.23,19.01,-21.05
136,-5.73,18.01,-21.51
137,-7.82,39.82,-21.44
138,-6.76,48.16,-5.73
139,-18.23,56.99,-14.28
140,-5.81,48.04,11.79
141,-11.72,65.14,4.18
142,-29.28,54.22,2.5
143,-42.74,47.29,-6.89
144,-28.9,50.13,21.66
145,-10.03,55.63,30.35
146,-27.39,34.15,36.31
147,-46.1,28.2,26.77
148,-11.11,34.28,51.54
149,-39.36,17.15,46.74
150,-4.84,17.76,46.21
151,-46.17,28.27,-7.22
152,-28.4,35.97,-15.69
153,-32.07,20.38,-16.0
154,-43.08,41.93,11.01
155,-32.47,22.17,5.88
156,-53.02,18.47,10.64
157,-46.21,7.92,28.52
158,-41.59,-14.79,44.73
159,-58.06,-5.59,27.2
160,-16.2,-19.03,69.48
161,-6.41,-4.4,47.58
162,-9.04,0.46,66.51
163,-56.92,-3.5,6.75
164,-23.21,10.67,53.52
165,-45.89,-0.51,49.24
166,-27.45,-8.97,55.91
167,-35.76,-23.22,65.62
168,-39.02,1.72,9.6
169,-38.74,8.05,-4.72
170,-37.7,-12.89,-1.42
171,-50.64,-23.81,41.36
172,-23.65,-31.61,63.36
173,-41.25,-15.5,14.44
174,-7.26,-33.92,67.36
175,-25.38,-54.66,64.11
176,-9.23,-70.98,31.96
177,-28.34,-62.47,40.43
178,-9.64,-66.09,55.29
179,-35.84,-39.3,47.48
180,-42.3,-31.28,15.88
181,-59.36,-25.98,21.99
182,-42.08,-65.57,41.67
183,-51.32,-56.27,20.49
184,-53.42,-43.52,38.81
185,-37.83,6.06,-37.72
186,-34.72,18.69,-32.33
187,-49.52,11.07,-30.45
188,-49.85,6.4,-15.1
189,-22.85,9.05,-38.68
190,-57.61,-6.43,-22.61
191,-58.94,-29.97,3.52
192,-57.84,-47.54,5.27
193,-59.89,-27.46,-18.13
194,-49.34,-4.69,-37.47
195,-37.82,-13.1,-29.22
196,-51.84,-18.24,-28.81
197,-56.94,-14.55,-6.83
198,-26.65,-42.8,-16.04
199,-60.38,-49.96,-14.1
200,-42.52,-52.23,-17.38
201,-46.61,-39.93,-24.21
202,-29.87,-5.83,-40.93
203,-41.26,-75.45,22.72
204,-31.69,-87.07,12.52
205,-17.02,-50.85,0.7
206,-43.15,-70.4,-13.9
207,-25.91,-63.22,-12.24
208,-16.53,-84.95,33.1
209,-48.18,-67.21,1.0
210,-35.97,-84.07,-3.95
211,-8.88,-70.61,-1.75
212,-10.61,-98.15,7.68
213,-14.58,-83.96,-12.99
214,-22.18,-96.74,-10.03
215,-5.73,-81.33,12.16
216,-22.08,-66.7,7.45
217,-23.65,-41.29,19.86
218,-7.54,-22.31,46.19
219,-5.79,34.17,26.29
220,-3.43,-4.93,32.64
221,-4.98,13.27,28.6
222,-8.46,-58.91,17.62
223,-4.94,-36.08,32.03
224,-7.31,-18.32,29.97
225,-6.45,-54.26,37.4
226,-8.73,-42.78,50.25
227,-7.46,-42.13,13.4
228,-26.71,2.3,-18.58
229,-21.52,-36.99,5.77
230,-32.13,-40.14,-3.96
231,-22.78,-12.65,-17.31
232,-35.66,-24.82,-14.96
233,-20.73,-30.76,-11.18
234,-30.56,-23.92,-26.69
235,-21.52,-4.1,-29.34
236,-6.28,-66.27,-37.7
237,-8.56,-50.71,-39.5
238,-36.95,-52.91,-31.22
239,-8.65,-55.19,-52.12
240,-21.26,-70.03,-48.98
241,-39.91,-74.52,-29.01
242,-30.28,-80.13,-40.43
243,-19.39,-46.45,-53.21
244,-6.24,-50.14,-11.19
245,-27.79,-35.97,-30.81
246,-42.69,-63.75,-46.33
247,-10.27,-81.7,-32.28
248,-7.77,-68.46,-19.86
249,-34.74,-50.33,-54.07
250,-22.84,-58.08,-48.76
251,-10.14,-37.64,-25.03
252,-46.45,-46.84,-42.94
253,-26.42,-69.58,-30.63
254,-21.36,-53.44,-23.63
255,-6.45,-54.69,-26.18
256,-24.26,-37.75,-44.24
257,-10.7,23.62,9.65
258,-12.36,11.55,8.48
259,-10.39,10.87,-8.07
260,-14.5,-3.56,20.94
261,-24.77,5.54,-0.07
262,-9.5,-25.46,-1.4
263,-4.68,-10.24,5.88
264,-11.41,-25.56,14.88
265,-4.82,-21.51,-15.89
266,-4.23,-37.9,-53.27
267,-6.94,-33.13,-39.35
268,-5.7,-18.97,-36.82
